{
  "reloadslide" : {
    "replace" : false,
    "sounds" : [ "reloadslide" ]
  },
  "siren" : {
    "replace" : false,
    "sounds" : [ "siren" ]
  },
  "reload.end.normal" : {
    "category" : "master",
    "sounds" : [ "reload/insert_mag_normal" ]
  },
  "lightsaberstart" : {
    "replace" : false,
    "sounds" : [ "lightsaberstart" ]
  },
  "shoot.fr556.quiet" : {
    "category" : "master",
    "sounds" : [ "shoot/quiet/fr556" ]
  },
  "reload.end.heavy" : {
    "category" : "master",
    "sounds" : [ "reload/insert_mag_minigun" ]
  },
  "shoot.r90.quiet" : {
    "category" : "master",
    "sounds" : [ "shoot/quiet/r90shotgun" ]
  },
  "reloadmagclick" : {
    "replace" : false,
    "sounds" : [ "reloadmagclick" ]
  },
  "scope.in" : {
    "category" : "master",
    "sounds" : [ "scope/start_scope" ]
  },
  "bulletsmall" : {
    "replace" : false,
    "sounds" : [ "bulletsmall" ]
  },
  "saberhit" : {
    "replace" : false,
    "sounds" : [ "saberhit" ]
  },
  "reloadbolt" : {
    "replace" : false,
    "sounds" : [ "reloadbolt" ]
  },
  "driving2" : {
    "replace" : false,
    "sounds" : [ "driving2" ]
  },
  "fx.ricochet" : {
    "category" : "master",
    "sounds" : [ "fx/bowhit1", "fx/bowhit2", "fx/bowhit3", "fx/bowhit4" ]
  },
  "explosion.molotov" : {
    "category" : "master",
    "sounds" : [ "explosion/molotov" ]
  },
  "shoot.r90.ambient" : {
    "category" : "master",
    "sounds" : [ "shoot/ambient/r90shotgun" ]
  },
  "metalhit" : {
    "replace" : false,
    "sounds" : [ "metalhit" ]
  },
  "fx.whiz" : {
    "category" : "master",
    "sounds" : [ {
      "name" : "fx/whiz1",
      "weight" : 4
    }, {
      "name" : "fx/whiz2",
      "weight" : 1
    }, {
      "name" : "fx/whiz3",
      "weight" : 2
    } ]
  },
  "shoot.rpg7.ambient" : {
    "category" : "master",
    "sounds" : [ "shoot/ambient/rpg7" ]
  },
  "bulletsmallauto" : {
    "replace" : false,
    "sounds" : [ "bulletsmallauto" ]
  },
  "shoot.stg44.ambient" : {
    "category" : "master",
    "sounds" : [ "shoot/ambient/stg44" ]
  },
  "reloadmagout" : {
    "replace" : false,
    "sounds" : [ "reloadmagout" ]
  },
  "shoot.aug.loud" : {
    "category" : "master",
    "sounds" : [ "shoot/loud/aug" ]
  },
  "honk" : {
    "replace" : false,
    "sounds" : [ "honk" ]
  },
  "shoot.357magnum.quiet" : {
    "category" : "master",
    "sounds" : [ "shoot/quiet/357magnum" ]
  },
  "shoot.stg44.quiet" : {
    "category" : "master",
    "sounds" : [ "shoot/quiet/stg44" ]
  },
  "shoot.fatman.ambient" : {
    "category" : "master",
    "sounds" : [ "shoot/ambient/fatman" ]
  },
  "shoot.aug.ambient" : {
    "category" : "master",
    "sounds" : [ "shoot/ambient/aug" ]
  },
  "reload.end.light" : {
    "category" : "master",
    "sounds" : [ "reload/insert_mag_light" ]
  },
  "shoot.kar98k.quiet" : {
    "category" : "master",
    "sounds" : [ "shoot/quiet/kar98k" ]
  },
  "shoot.rpg7.quiet" : {
    "category" : "master",
    "sounds" : [ "shoot/quiet/rpg7" ]
  },
  "shoot.origin12.ambient" : {
    "category" : "master",
    "sounds" : [ "shoot/ambient/origin12" ]
  },
  "bulletak47" : {
    "replace" : false,
    "sounds" : [ "bulletak47" ]
  },
  "shoot.50gs.quiet" : {
    "category" : "master",
    "sounds" : [ "shoot/quiet/50gs" ]
  },
  "shoot.stg44.loud" : {
    "category" : "master",
    "sounds" : [ "shoot/loud/stg44" ]
  },
  "shoot.rpg7.loud" : {
    "category" : "master",
    "sounds" : [ "shoot/loud/rpg7" ]
  },
  "bullethalolazer" : {
    "replace" : false,
    "sounds" : [ "bullethalolazer" ]
  },
  "carskid" : {
    "replace" : false,
    "sounds" : [ "carskid" ]
  },
  "reload.start.light" : {
    "category" : "master",
    "sounds" : [ "reload/eject_mag_light" ]
  },
  "bulletdeagle" : {
    "replace" : false,
    "sounds" : [ "bulletdeagle" ]
  },
  "reload.start.shotgun" : {
    "category" : "master",
    "sounds" : [ "reload/insert_shotgun_shells" ]
  },
  "reloadclick" : {
    "replace" : false,
    "sounds" : [ "reloadclick" ]
  },
  "shoot.50gs.loud" : {
    "category" : "master",
    "sounds" : [ "shoot/loud/50gs" ]
  },
  "bulletneedler" : {
    "replace" : false,
    "sounds" : [ "bulletneedler" ]
  },
  "shoot.ax50.quiet" : {
    "category" : "master",
    "sounds" : [ "shoot/quiet/ax50" ]
  },
  "shoot.uzi.quiet" : {
    "category" : "master",
    "sounds" : [ "shoot/quiet/uzi" ]
  },
  "reloadm16" : {
    "replace" : false,
    "sounds" : [ "reloadm16" ]
  },
  "explosion.frag" : {
    "category" : "master",
    "sounds" : [ "explosion/frag" ]
  },
  "partyshot" : {
    "replace" : false,
    "sounds" : [ "partyshot" ]
  },
  "shoot.fnfal.quiet" : {
    "category" : "master",
    "sounds" : [ "shoot/quiet/fnfal" ]
  },
  "shoot.ax50.loud" : {
    "category" : "master",
    "sounds" : [ "shoot/loud/ax50" ]
  },
  "shoot.ak47.ambient" : {
    "category" : "master",
    "sounds" : [ "shoot/ambient/ak47" ]
  },
  "shoot.kar98k.ambient" : {
    "category" : "master",
    "sounds" : [ "shoot/ambient/kar98k" ]
  },
  "warheadlaunch" : {
    "replace" : false,
    "sounds" : [ "warheadlaunch" ]
  },
  "shoot.fr556.loud" : {
    "category" : "master",
    "sounds" : [ "shoot/loud/fr556" ]
  },
  "bulletswblaster" : {
    "replace" : false,
    "sounds" : [ "bulletswblaster" ]
  },
  "sithsaberstart" : {
    "replace" : false,
    "sounds" : [ "sithsaberstart" ]
  },
  "flashbang" : {
    "replace" : false,
    "sounds" : [ "flashbang" ]
  },
  "shockwave" : {
    "replace" : false,
    "sounds" : [ "shockwave" ]
  },
  "warheadexplode" : {
    "replace" : false,
    "sounds" : [ "warheadexplode" ]
  },
  "reloadshell" : {
    "replace" : false,
    "sounds" : [ "reloadshell" ]
  },
  "reloadshotgun" : {
    "replace" : false,
    "sounds" : [ "reloadshotgun" ]
  },
  "shoot.aug.quiet" : {
    "category" : "master",
    "sounds" : [ "shoot/quiet/aug" ]
  },
  "reloadfn" : {
    "replace" : false,
    "sounds" : [ "reloadfn" ]
  },
  "shoot.fatman.loud" : {
    "category" : "master",
    "sounds" : [ "shoot/loud/fatman" ]
  },
  "shoot.uzi.loud" : {
    "category" : "master",
    "sounds" : [ "shoot/loud/uzi" ]
  },
  "shoot.mg34.quiet" : {
    "category" : "master",
    "sounds" : [ "shoot/quiet/mg34" ]
  },
  "shoot.ak47.quiet" : {
    "category" : "master",
    "sounds" : [ "shoot/quiet/ak47" ]
  },
  "outofammoclick" : {
    "replace" : false,
    "sounds" : [ "outofammoclick" ]
  },
  "driving" : {
    "replace" : false,
    "sounds" : [ "driving" ]
  },
  "bulletlazer" : {
    "replace" : false,
    "sounds" : [ "bulletlazer" ]
  },
  "shoot.mg34.loud" : {
    "category" : "master",
    "sounds" : [ "shoot/loud/mg34" ]
  },
  "shoot.uzi.ambient" : {
    "category" : "master",
    "sounds" : [ "shoot/ambient/uzi" ]
  },
  "shoot.origin12.loud" : {
    "category" : "master",
    "sounds" : [ "shoot/loud/origin12" ]
  },
  "bulletmedium" : {
    "replace" : false,
    "sounds" : [ "bulletmedium" ]
  },
  "shoot.origin12.quiet" : {
    "category" : "master",
    "sounds" : [ "shoot/quiet/origin12" ]
  },
  "shoot.kar98k.loud" : {
    "category" : "master",
    "sounds" : [ "shoot/loud/kar98k" ]
  },
  "shoot.357magnum.ambient" : {
    "category" : "master",
    "sounds" : [ "shoot/ambient/357magnum" ]
  },
  "shoot.357magnum.loud" : {
    "category" : "master",
    "sounds" : [ "shoot/loud/357magnum" ]
  },
  "reloadbullet" : {
    "replace" : false,
    "sounds" : [ "reloadbullet" ]
  },
  "shoot.r90.loud" : {
    "category" : "master",
    "sounds" : [ "shoot/loud/r90shotgun" ]
  },
  "openbag" : {
    "replace" : false,
    "sounds" : [ "openbag" ]
  },
  "bulletshotgun" : {
    "replace" : false,
    "sounds" : [ "bulletshotgun" ]
  },
  "bulletsilence" : {
    "replace" : false,
    "sounds" : [ "bulletsilence" ]
  },
  "shoot.50gs.ambient" : {
    "category" : "master",
    "sounds" : [ "shoot/ambient/50gs" ]
  },
  "engine" : {
    "replace" : false,
    "sounds" : [ "engine" ]
  },
  "chainsmall" : {
    "replace" : false,
    "sounds" : [ "chainsmall" ]
  },
  "reload.start.heavy" : {
    "category" : "master",
    "sounds" : [ "reload/eject_mag_minigun" ]
  },
  "bulletauto" : {
    "replace" : false,
    "sounds" : [ "bulletauto" ]
  },
  "shoot.ak47.loud" : {
    "category" : "master",
    "sounds" : [ "shoot/loud/ak47" ]
  },
  "fx.stim" : {
    "category" : "master",
    "sounds" : [ "misc/stim" ]
  },
  "scope.out" : {
    "category" : "master",
    "sounds" : [ "scope/end_scope" ]
  },
  "reloadmagin" : {
    "replace" : false,
    "sounds" : [ "reloadmagin" ]
  },
  "shoot.ax50.ambient" : {
    "category" : "master",
    "sounds" : [ "shoot/ambient/ax50" ]
  },
  "shoot.fnfal.loud" : {
    "category" : "master",
    "sounds" : [ "shoot/loud/fnfal" ]
  },
  "shoot.fatman.quiet" : {
    "category" : "master",
    "sounds" : [ "shoot/quiet/fatman" ]
  },
  "lazerfire" : {
    "replace" : false,
    "sounds" : [ "lazerfire" ]
  },
  "shoot.m4a1.loud" : {
    "category" : "master",
    "sounds" : [ "shoot/loud/m4a1" ]
  },
  "bulletbig" : {
    "replace" : false,
    "sounds" : [ "bulletbig" ]
  },
  "shoot.m4a1.quiet" : {
    "category" : "master",
    "sounds" : [ "shoot/quiet/m4a1" ]
  },
  "shoot.fr556.ambient" : {
    "category" : "master",
    "sounds" : [ "shoot/ambient/fr556" ]
  },
  "shoot.m4a1.ambient" : {
    "category" : "master",
    "sounds" : [ "shoot/ambient/m4a1" ]
  },
  "bulletmauser" : {
    "replace" : false,
    "sounds" : [ "bulletmauser" ]
  },
  "reload.start.normal" : {
    "category" : "master",
    "sounds" : [ "reload/eject_mag_normal" ]
  },
  "shoot.fnfal.ambient" : {
    "category" : "master",
    "sounds" : [ "shoot/ambient/fnfal" ]
  },
  "shoot.mg34.ambient" : {
    "category" : "master",
    "sounds" : [ "shoot/ambient/mg34" ]
  },
  "reloadak47" : {
    "replace" : false,
    "sounds" : [ "reloadak47" ]
  },
  "thumper" : {
    "replace" : false,
    "sounds" : [ "thumper" ]
  }
}
